id,pop,ocean
GE-AA018,AC,Indian
GE-AA019,AC,Indian
GE-AA020,AC,Indian
GE-AA027,AC,Indian
GE-AA028,AC,Indian
GE-AA029,AC,Indian
GE-AA030,AC,Indian
GE-AA031,AC,Indian
GE-AA032,AC,Indian
GE-AA033,AC,Indian
GE-AA034,AC,Indian
GE-AA035,AC,Indian
GE-AA036,AC,Indian
GE-AA037,AC,Indian
GE-AA038,AC,Indian
GE-AA040,AC,Indian
GE-AA041,AC,Indian
GE-AA042,AC,Indian
GE-AA043,AC,Indian
GE-AA044,AC,Indian
GE-AA045,AC,Indian
GE-AA046,AC,Indian
GE-AA047,AC,Indian
GE-AA048,AC,Indian
GE-AA049,AC,Indian
GE-AA050,AC,Indian
GE-AA051,AC,Indian
GE-AA052,AC,Indian
GE-AA053,AC,Indian
GE-AA054,AC,Indian
GE-AA055,AC,Indian
GE-AA056,AC,Indian
GE-AA057,AC,Indian
GE-AA058,AC,Indian
GE-AA059,AC,Indian
GE-AA060,AC,Indian
GE-AA061,AC,Indian
GE-AA062,AC,Indian
GE-AA063,AC,Indian
GE-AA064,AC,Indian
GE-AA065,AC,Indian
GE-AA066,AC,Indian
GE-AA067,AC,Indian
GE-AA114,AA,Indian
GE-AA115,AA,Indian
GE-AA118,AA,Indian
GE-AA119,AA,Indian
GE-AA120,AA,Indian
GE-AA121,AA,Indian
GE-AA128,AA,Indian
GE-AA131,AA,Indian
GE-AA134,AA,Indian
GE-AA138,AA,Indian
GE-AC002,AC,Indian
GE-AC003,AC,Indian
GE-AC004,AC,Indian
GE-AC005,AC,Indian
GE-AC006,AC,Indian
GE-AC007,AC,Indian
GE-AC008,AC,Indian
GE-AC009,AC,Indian
GE-AC010,AC,Indian
GE-AC011,AC,Indian
GE-AC012,AC,Indian
GE-AC013,AC,Indian
GE-AC014,AC,Indian
GE-AC015,AC,Indian
GE-AC016,AC,Indian
GE-AC017,AC,Indian
GE-AC018,AC,Indian
GE-AC019,AC,Indian
GE-AC020,AC,Indian
GE-AC021,AC,Indian
GE-AC022,AC,Indian
GE-AC023,AC,Indian
GE-AC024,AC,Indian
GE-AC025,AC,Indian
GE-AC026,AC,Indian
GE-AC027,AC,Indian
GE-AC028,AC,Indian
GE-AC029,AC,Indian
GE-AC030,AC,Indian
GE-AC031,AC,Indian
GE-AC032,AC,Indian
GE-AC033,AC,Indian
GE-AC034,AC,Indian
GE-AC035,AC,Indian
GE-AC036,AC,Indian
GE-AC037,AC,Indian
GE-AC038,AC,Indian
GE-AC039,AC,Indian
GE-AC040,AC,Indian
GE-AC041,AC,Indian
GE-AC042,AC,Indian
GE-AC043,AC,Indian
GE-AC044,AC,Indian
GE-AC045,AC,Indian
GE-AC046,AC,Indian
GE-AC047,AC,Indian
GE-AC048,AC,Indian
GE-AC049,AC,Indian
GE-AC050,AC,Indian
GE-AC051,AC,Indian
GE-AC052,AC,Indian
GE-AC053,AC,Indian
GE-AC054,AC,Indian
GE-AC055,AC,Indian
GE-AC056,AC,Indian
GE-AC057,AC,Indian
GE-AC058,AC,Indian
GE-AC059,AC,Indian
GE-AC060,AC,Indian
GE-AC061,AC,Indian
GE-AC062,AC,Indian
GE-AC063,AC,Indian
GE-AC064,AC,Indian
GE-AC065,AC,Indian
GE-AC066,AC,Indian
GE-AC067,AC,Indian
GE-AC068,AC,Indian
GE-AC069,AC,Indian
GE-AC070,AC,Indian
GE-AC071,AC,Indian
GE-AC072,AC,Indian
GE-AC073,AC,Indian
GE-AC074,AC,Indian
GE-AC075,AC,Indian
GE-AC076,AC,Indian
GE-AC077,AC,Indian
GE-AC078,AC,Indian
GE-AC079,AC,Indian
GE-AC080,AC,Indian
GE-AC081,AC,Indian
GE-AC082,AC,Indian
GE-AC083,AC,Indian
GE-AC084,AC,Indian
GE-AC085,AC,Indian
GE-AC086,AC,Indian
GE-AC087,AC,Indian
GE-AC088,AC,Indian
GE-AC089,AC,Indian
GE-AC090,AC,Indian
GE-AC091,AC,Indian
GE-AC092,AC,Indian
GE-BA004,BA,Indian
GE-BA006,BA,Indian
GE-BA011,BA,Indian
GE-BA012,BA,Indian
GE-BB001,BB,Indian
GE-BB002,BB,Indian
GE-BB005,BB,Indian
GE-BB006,BB,Indian
GE-BB007,BB,Indian
GE-BB008,BB,Indian
GE-BB009,BB,Indian
GE-BB010,BB,Indian
GE-BB011,BB,Indian
GE-BB012,BB,Indian
GE-BB013,BB,Indian
GE-BB014,BB,Indian
GE-BB015,BB,Indian
GE-BB016,BB,Indian
GE-BB017,BB,Indian
GE-BB018,BB,Indian
GE-BB019,BB,Indian
GE-BB020,BB,Indian
GE-BB021,BB,Indian
GE-BB022,BB,Indian
GE-BB023,BB,Indian
GE-BB024,BB,Indian
GE-BB025,BB,Indian
GE-BB026,BB,Indian
GE-BB027,BB,Indian
GE-BB028,BB,Indian
GE-BB029,BB,Indian
GE-BB030,BB,Indian
GE-BB031,BB,Indian
GE-BB032,BB,Indian
GE-BB033,BB,Indian
GE-BB034,BB,Indian
GE-BB035,BB,Indian
GE-BB036,BB,Indian
GE-BB037,BB,Indian
GE-BB038,BB,Indian
GE-BB039,BB,Indian
GE-BB040,BB,Indian
GE-BB041,BB,Indian
GE-BB042,BB,Indian
GE-BB043,BB,Indian
GE-BB044,BB,Indian
GE-BB045,BB,Indian
GE-BB046,BB,Indian
GE-BB047,BB,Indian
GE-BB048,BB,Indian
GE-BB049,BB,Indian
GE-BB050,BB,Indian
GE-BB069,BB,Indian
GE-BB070,BB,Indian
GE-BB071,BB,Indian
GE-BB072,BB,Indian
GE-BB073,BB,Indian
GE-BB075,BB,Indian
GE-BB076,BB,Indian
GE-BC002,BC,Indian
GE-BC003,BC,Indian
GE-BC004,BC,Indian
GE-BC005,BC,Indian
GE-BC006,BC,Indian
GE-BC007,BC,Indian
GE-BC009,BC,Indian
GE-BC010,BC,Indian
GE-BC011,BC,Indian
GE-BC012,BC,Indian
GE-BC013,BC,Indian
GE-BC014,BC,Indian
GE-BC015,BC,Indian
GE-BC016,BC,Indian
GE-BC019,BC,Indian
GE-BC020,BC,Indian
GE-BC021,BC,Indian
GE-BC022,BC,Indian
GE-BC023,BC,Indian
GE-BC024,BC,Indian
GE-BC025,BC,Indian
GE-BC026,BC,Indian
GE-BC027,BC,Indian
GE-BC028,BC,Indian
GE-BC029,BC,Indian
GE-BC030,BC,Indian
GE-BC031,BC,Indian
GE-BC032,BC,Indian
GE-BC033,BC,Indian
GE-BC034,BC,Indian
GE-BC037,BC,Indian
GE-BC052,BC,Indian
GE-BC060,BC,Indian
GE-BC068,BC,Indian
GE-BC071,BC,Indian
GE-BC073,BC,Indian
GE-BC076,BC,Indian
GE-BC079,BC,Indian
GE-BC082,BC,Indian
GE-BC084,BC,Indian
GE-BD002,BD,Indian
GE-BD003,BD,Indian
GE-BD004,BD,Indian
GE-BD005,BD,Indian
GE-BD008,BD,Indian
GE-BD014,BD,Indian
GE-BD087,BD,Indian
GE-BD094,BD,Indian
GE-BE001,BE,Indian
GE-BE003,BE,Indian
GE-BE004,BE,Indian
GE-BE005,BE,Indian
GE-BE006,BE,Indian
GE-BE007,BE,Indian
GE-BE008,BE,Indian
GE-BE009,BE,Indian
GE-BE010,BE,Indian
GE-BE011,BE,Indian
GE-BE012,BE,Indian
GE-BE013,BE,Indian
GE-BE014,BE,Indian
GE-BE015,BE,Indian
GE-BE016,BE,Indian
GE-BE017,BE,Indian
GE-BE018,BE,Indian
GE-BE019,BE,Indian
GE-BE020,BE,Indian
GE-BE021,BE,Indian
GE-BE022,BE,Indian
GE-BE023,BE,Indian
GE-BE024,BE,Indian
GE-BE025,BE,Indian
GE-BE026,BE,Indian
GE-BE027,BE,Indian
GE-BE028,BE,Indian
GE-BE029,BE,Indian
GE-BE030,BE,Indian
GE-BE031,BE,Indian
GE-BE032,BE,Indian
GE-BE034,BE,Indian
GE-BE035,BE,Indian
GE-BE036,BE,Indian
GE-BE037,BE,Indian
GE-BE040,BE,Indian
GE-BE041,BE,Indian
GE-BE042,BE,Indian
GE-BE043,BE,Indian
GE-BE044,BE,Indian
GE-BE046,BE,Indian
GE-BE049,BE,Indian
GE-BE050,BE,Indian
GE-BE051,BE,Indian
GE-BE052,BE,Indian
GE-BE053,BE,Indian
GE-BE054,BE,Indian
GE-BE055,BE,Indian
GE-BE056,BE,Indian
GE-BE057,BE,Indian
GE-BE059,BE,Indian
GE-BE060,BE,Indian
GE-BE061,BE,Indian
GE-BE062,BE,Indian
GE-BE063,BE,Indian
GE-BE065,BE,Indian
GE-BE066,BE,Indian
GE-BE068,BE,Indian
GE-BE071,BE,Indian
GE-BE072,BE,Indian
GE-BE073,BE,Indian
GE-BE074,BE,Indian
GE-BE075,BE,Indian
GE-BE076,BE,Indian
GE-BE077,BE,Indian
GE-BE078,BE,Indian
GE-BE079,BE,Indian
GE-BE080,BE,Indian
GE-BE081,BE,Indian
GE-BE082,BE,Indian
GE-BE083,BE,Indian
GE-BE084,BE,Indian
GE-BE085,BE,Indian
GE-BE088,BE,Indian
GE-BE089,BE,Indian
GE-BE090,BE,Indian
GE-BE091,BE,Indian
GE-BE092,BE,Indian
GE-BE093,BE,Indian
GE-BE097,BE,Indian
GE-BE099,BE,Indian
GE-BE100,BE,Indian
GE-FA001,FA,Indian
GE-FA011,FA,Indian
GE-FA015,FA,Indian
GE-FA016,FA,Indian
GE-FA030,FA,Indian
GE-FA031,FA,Indian
GE-FA032,FA,Indian
GE-FA035,FA,Indian
GE-FA050,FA,Indian
GE-FA052,FA,Indian
GE-FA055,FA,Indian
GE-FA056,FA,Indian
GE-FA057,FA,Indian
GE-FA058,FA,Indian
GE-FA059,FA,Indian
GE-FA060,FA,Indian
GE-FA061,FA,Indian
GE-FA062,FA,Indian
GE-FA063,FA,Indian
GE-FA064,FA,Indian
GE-FA067,FA,Indian
GE-FB001,FB,Indian
GE-FB002,FB,Indian
GE-FB003,FB,Indian
GE-FB004,FB,Indian
GE-FB005,FB,Indian
GE-FB008,FB,Indian
GE-FB009,FB,Indian
GE-FB011,FB,Indian
GE-FB012,FB,Indian
GE-FB014,FB,Indian
GE-FB015,FB,Indian
GE-FB016,FB,Indian
GE-FB019,FB,Indian
GE-FB023,FB,Indian
GE-FB025,FB,Indian
GE-FB027,FB,Indian
GE-FB029,FB,Indian
GE-FB030,FB,Indian
GE-FB031,FB,Indian
GE-FB032,FB,Indian
GE-FB033,FB,Indian
GE-FB034,FB,Indian
GE-FB035,FB,Indian
GE-FB037,FB,Indian
GE-FB039,FB,Indian
GE-FB041,FB,Indian
GE-FB042,FB,Indian
GE-FB044,FB,Indian
GE-FB045,FB,Indian
GE-FB046,FB,Indian
GE-FB047,FB,Indian
GE-FB048,FB,Indian
GE-FB050,FB,Indian
GE-FB052,FB,Indian
GE-FB053,FB,Indian
GE-FB054,FB,Indian
GE-FB055,FB,Indian
GE-FB056,FB,Indian
GE-FB060,FB,Indian
GE-FB061,XA,Indian
GE-FB062,FB,Indian
GE-FB064,FB,Indian
GE-FB065,FB,Indian
GE-FB066,FB,Indian
GE-FB069,FB,Indian
GE-FB070,FB,Indian
GE-FB072,FB,Indian
GE-FB074,FB,Indian
GE-FB075,FB,Indian
GE-FB076,FB,Indian
GE-FB077,FB,Indian
GE-FB079,FB,Indian
GE-FB080,FB,Indian
GE-FB081,FB,Indian
GE-FB082,FB,Indian
GE-FB085,FB,Indian
GE-FB086,FB,Indian
GE-FB088,FB,Indian
GE-FB089,FB,Indian
GE-FB090,FB,Indian
GE-FB092,FB,Indian
GE-FB093,FB,Indian
GE-FB094,FB,Indian
GE-FB097,FB,Indian
GE-FB100,FB,Indian
GE-GL001,GL,Indian
GE-GL007,GL,Indian
GE-GL008,GL,Indian
GE-GL015,GL,Indian
GE-GL020,GL,Indian
GE-GL021,GL,Indian
GE-GL032,GL,Indian
GE-GL033,GL,Indian
GE-GL037,GL,Indian
GE-GL044,GL,Indian
GE-GL046,GL,Indian
GE-GL053,GL,Indian
GE-GL054,GL,Indian
GE-GL056,GL,Indian
GE-GL060,GL,Indian
GE-GL064,GL,Indian
GE-GL067,GL,Indian
GE-GL071,GL,Indian
GE-GL074,GL,Indian
GE-GL081,GL,Indian
GE-GL082,GL,Indian
GE-GL088,GL,Indian
GE-GL089,GL,Indian
GE-GL090,GL,Indian
GE-GL093,GL,Indian
GE-GL098,GL,Indian
GE-GL099,GL,Indian
GE-GL101,GL,Indian
GE-GL102,GL,Indian
GE-GL106,GL,Indian
GE-GL107,GL,Indian
GE-GL108,GL,Indian
GE-IA001,IA,Indian
GE-IA002,IA,Indian
GE-IA003,IA,Indian
GE-IA004,IA,Indian
GE-IA005,IA,Indian
GE-IA006,IA,Indian
GE-IA007,IA,Indian
GE-IA008,IA,Indian
GE-IA009,IA,Indian
GE-IA010,IA,Indian
GE-IA011,IA,Indian
GE-IA012,IA,Indian
GE-IA013,IA,Indian
GE-IA014,IA,Indian
GE-IA015,IA,Indian
GE-IA016,IA,Indian
GE-IA017,IA,Indian
GE-IA018,IA,Indian
GE-IA019,IA,Indian
GE-IA020,IA,Indian
GE-IA021,IA,Indian
GE-IA022,IA,Indian
GE-IA023,IA,Indian
GE-IA024,IA,Indian
GE-IA025,IA,Indian
GE-IA026,IA,Indian
GE-IA027,IA,Indian
GE-IA029,IA,Indian
GE-IA030,IA,Indian
GE-IA031,IA,Indian
GE-IA032,IA,Indian
GE-IA033,IA,Indian
GE-IA034,IA,Indian
GE-IA035,IA,Indian
GE-IA036,IA,Indian
GE-IA037,IA,Indian
GE-IA038,IA,Indian
GE-IA039,IA,Indian
GE-IA040,IA,Indian
GE-IA041,IA,Indian
GE-IA042,IA,Indian
GE-IA043,IA,Indian
GE-IA044,IA,Indian
GE-IA045,IA,Indian
GE-IA046,IA,Indian
GE-IA047,IA,Indian
GE-IA048,IA,Indian
GE-IA049,IA,Indian
GE-IA050,IA,Indian
GE-IA051,IA,Indian
GE-IA052,IA,Indian
GE-IA053,IA,Indian
GE-IA054,IA,Indian
GE-IA055,IA,Indian
GE-IA056,IA,Indian
GE-IA057,IA,Indian
GE-IA058,IA,Indian
GE-IA059,IA,Indian
GE-IA060,IA,Indian
GE-IA061,IA,Indian
GE-IA062,IA,Indian
GE-IA063,IA,Indian
GE-IA064,IA,Indian
GE-IA065,IA,Indian
GE-IA066,IA,Indian
GE-IA067,IA,Indian
GE-IA068,IA,Indian
GE-IA069,IA,Indian
GE-IA070,IA,Indian
GE-IA071,IA,Indian
GE-IA072,IA,Indian
GE-IA073,IA,Indian
GE-IA074,IA,Indian
GE-IA075,IA,Indian
GE-IA076,IA,Indian
GE-IA077,IA,Indian
GE-IA078,IA,Indian
GE-IA079,IA,Indian
GE-IA080,IA,Indian
GE-IA081,IA,Indian
GE-IA082,IA,Indian
GE-IA083,IA,Indian
GE-IA084,IA,Indian
GE-IA085,IA,Indian
GE-IA086,IA,Indian
GE-IA087,IA,Indian
GE-IA088,IA,Indian
GE-IA089,IA,Indian
GE-IA090,IA,Indian
GE-IA091,IA,Indian
GE-IA092,IA,Indian
GE-IA093,IA,Indian
GE-IA094,IA,Indian
GE-IA095,IA,Indian
GE-IA096,IA,Indian
GE-IA097,IA,Indian
GE-IA098,IA,Indian
GE-IA099,IA,Indian
GE-IA100,IA,Indian
GE-IA101,IA,Indian
GE-IA102,IA,Indian
GE-IA103,IA,Indian
GE-IA104,IA,Indian
GE-IA105,IA,Indian
GE-IA106,IA,Indian
GE-IA107,IA,Indian
GE-IA108,IA,Indian
GE-IA109,IA,Indian
GE-IA110,IA,Indian
GE-IA111,IA,Indian
GE-IA112,IA,Indian
GE-IA113,IA,Indian
GE-IA114,IA,Indian
GE-IA115,IA,Indian
GE-IA116,IA,Indian
GE-IA117,IA,Indian
GE-IA118,IA,Indian
GE-IA119,IA,Indian
GE-IA120,IA,Indian
GE-IA121,IA,Indian
GE-IA122,IA,Indian
GE-IA123,IA,Indian
GE-IA124,IA,Indian
GE-IA125,IA,Indian
GE-IA126,IA,Indian
GE-IA127,IA,Indian
GE-IA128,IA,Indian
GE-IA129,IA,Indian
GE-IA130,IA,Indian
GE-IA131,IA,Indian
GE-IA132,IA,Indian
GE-IA133,IA,Indian
GE-IA134,IA,Indian
GE-IA135,IA,Indian
GE-IA136,IA,Indian
GE-IA137,IA,Indian
GE-IA138,IA,Indian
GE-IA139,IA,Indian
GE-IA140,IA,Indian
GE-IA141,IA,Indian
GE-IB002,IB,Indian
GE-IB003,IB,Indian
GE-IB005,IB,Indian
GE-IB006,IB,Indian
GE-IB007,IB,Indian
GE-IB009,IB,Indian
GE-IB011,IB,Indian
GE-IB012,IB,Indian
GE-IB013,IB,Indian
GE-IB014,IB,Indian
GE-IB015,IB,Indian
GE-IB016,IB,Indian
GE-IB017,IB,Indian
GE-IB018,IB,Indian
GE-IB019,IB,Indian
GE-IB020,IB,Indian
GE-IB021,IB,Indian
GE-IB022,IB,Indian
GE-IB023,IB,Indian
GE-IB024,IB,Indian
GE-IB025,IB,Indian
GE-IB026,IB,Indian
GE-IB027,IB,Indian
GE-IB028,IB,Indian
GE-IB029,IB,Indian
GE-IB030,IB,Indian
GE-IB031,IB,Indian
GE-IB032,IB,Indian
GE-IB033,IB,Indian
GE-IB034,IB,Indian
GE-IB035,IB,Indian
GE-IB036,IB,Indian
GE-IB038,IB,Indian
GE-IB039,IB,Indian
GE-IB040,IB,Indian
GE-IB041,IB,Indian
GE-IB042,IB,Indian
GE-IB043,IB,Indian
GE-IB044,IB,Indian
GE-IB045,IB,Indian
GE-IB046,IB,Indian
GE-IB047,IB,Indian
GE-IB048,IB,Indian
GE-IB049,IB,Indian
GE-IB050,IB,Indian
GE-IB051,IB,Indian
GE-IB052,IB,Indian
GE-IB053,IB,Indian
GE-IB054,IB,Indian
GE-IB055,IB,Indian
GE-IB056,IB,Indian
GE-IB057,IB,Indian
GE-IB058,IB,Indian
GE-IB059,IB,Indian
GE-IB060,IB,Indian
GE-IB061,IB,Indian
GE-IB062,IB,Indian
GE-IB063,IB,Indian
GE-IB064,IB,Indian
GE-IB065,IB,Indian
GE-IB066,IB,Indian
GE-IB067,IB,Indian
GE-IB068,IB,Indian
GE-IB069,IB,Indian
GE-IB070,IB,Indian
GE-IB071,IB,Indian
GE-IB072,IB,Indian
GE-IB073,IB,Indian
GE-IB074,IB,Indian
GE-IB075,IB,Indian
GE-IB076,IB,Indian
GE-IB077,IB,Indian
GE-IB078,IB,Indian
GE-IB079,IB,Indian
GE-IB080,IB,Indian
GE-IB081,IB,Indian
GE-IB082,IB,Indian
GE-IB083,IB,Indian
GE-IB084,IB,Indian
GE-IB085,IB,Indian
GE-IB086,IB,Indian
GE-IB087,IB,Indian
GE-IB088,IB,Indian
GE-IB089,IB,Indian
GE-IB090,IB,Indian
GE-IB091,IB,Indian
GE-IB092,IB,Indian
GE-IB093,IB,Indian
GE-IB094,IB,Indian
GE-IB095,IB,Indian
GE-IB096,IB,Indian
GE-IB097,IB,Indian
GE-IB098,IB,Indian
GE-IB099,IB,Indian
GE-IB100,IB,Indian
GE-IC001,IC,Indian
GE-IC002,IC,Indian
GE-IC003,IC,Indian
GE-IC004,IC,Indian
GE-IC005,IC,Indian
GE-IC006,IC,Indian
GE-IC007,IC,Indian
GE-IC008,IC,Indian
GE-IC009,IC,Indian
GE-IC010,IC,Indian
GE-IC011,IC,Indian
GE-IC012,IC,Indian
GE-IC013,IC,Indian
GE-IC014,IC,Indian
GE-IC015,IC,Indian
GE-IC016,IC,Indian
GE-IC017,IC,Indian
GE-IC018,IC,Indian
GE-IC019,IC,Indian
GE-IC020,IC,Indian
GE-IC021,IC,Indian
GE-IC022,IC,Indian
GE-IC023,IC,Indian
GE-IC024,IC,Indian
GE-IC025,IC,Indian
GE-IC026,IC,Indian
GE-IC027,IC,Indian
GE-IC028,IC,Indian
GE-IC029,IC,Indian
GE-IC030,IC,Indian
GE-IC031,IC,Indian
GE-IC032,IC,Indian
GE-IC033,IC,Indian
GE-IC034,IC,Indian
GE-IC035,IC,Indian
GE-IC036,IC,Indian
GE-IC037,IC,Indian
GE-IC038,IC,Indian
GE-IC039,IC,Indian
GE-IC040,IC,Indian
GE-IC041,IC,Indian
GE-IC042,IC,Indian
GE-IC043,IC,Indian
GE-IC044,IC,Indian
GE-IC045,IC,Indian
GE-IC046,IC,Indian
GE-IC047,IC,Indian
GE-IC048,IC,Indian
GE-IC050,IC,Indian
GE-IC052,IC,Indian
GE-IC054,IC,Indian
GE-IC055,IC,Indian
GE-IC059,IC,Indian
GE-IC061,IC,Indian
GE-IC063,IC,Indian
GE-IC065,IC,Indian
GE-IC067,IC,Indian
GE-IC069,IC,Indian
GE-IC071,IC,Indian
GE-IC073,IC,Indian
GE-IC075,IC,Indian
GE-IC077,IC,Indian
GE-IC078,IC,Indian
GE-IC081,IC,Indian
GE-IC083,IC,Indian
GE-IC085,IC,Indian
GE-IC087,IC,Indian
GE-IC089,IC,Indian
GE-IC091,IC,Indian
GE-IC092,IC,Indian
GE-IC094,IC,Indian
GE-IC097,IC,Indian
GE-IC099,IC,Indian
GE-IC101,IC,Indian
GE-IC103,IC,Indian
GE-IC105,IC,Indian
GE-IC107,IC,Indian
GE-IC109,IC,Indian
GE-IC111,IC,Indian
GE-IC113,IC,Indian
GE-IC115,IC,Indian
GE-IC116,IC,Indian
GE-IC119,IC,Indian
GE-IC121,IC,Indian
GE-IC123,IC,Indian
GE-IC125,IC,Indian
GE-IC127,IC,Indian
GE-IC130,IC,Indian
GE-IC131,IC,Indian
GE-IC132,IC,Indian
GE-IC133,IC,Indian
GE-IC134,IC,Indian
GE-IC135,IC,Indian
GE-IC136,IC,Indian
GE-IC137,IC,Indian
GE-IC138,IC,Indian
GE-IC140,IC,Indian
GE-IC141,IC,Indian
GE-IC142,IC,Indian
GE-IC143,IC,Indian
GE-IC144,IC,Indian
GE-IC145,IC,Indian
GE-IC146,IC,Indian
GE-IC147,IC,Indian
GE-IC148,IC,Indian
GE-IC149,IC,Indian
GE-IC150,IC,Indian
GE-IC151,IC,Indian
GE-IC152,IC,Indian
GE-IC153,IC,Indian
GE-IC154,IC,Indian
GE-IC155,IC,Indian
GE-IC156,IC,Indian
GE-IC157,IC,Indian
GE-IC158,IC,Indian
GE-IC159,IC,Indian
GE-IC160,IC,Indian
GE-IC161,IC,Indian
GE-IC162,IC,Indian
GE-IC163,IC,Indian
GE-IC164,IC,Indian
GE-IC165,IC,Indian
GE-IC166,IC,Indian
GE-IC167,IC,Indian
GE-IC168,IC,Indian
GE-IC169,IC,Indian
GE-IC170,IC,Indian
GE-IC171,IC,Indian
GE-IC172,IC,Indian
GE-IC173,IC,Indian
GE-IC174,IC,Indian
GE-IC175,IC,Indian
GE-IC176,IC,Indian
GE-IC177,IC,Indian
GE-IC178,IC,Indian
GE-IC179,IC,Indian
GE-IC180,IC,Indian
GE-IC181,IC,Indian
GE-IC182,IC,Indian
GE-IC183,IC,Indian
GE-IC184,IC,Indian
GE-IC185,IC,Indian
GE-IC186,IC,Indian
GE-IC187,IC,Indian
GE-IC188,IC,Indian
GE-IC189,IC,Indian
GE-IC190,IC,Indian
GE-IC191,IC,Indian
GE-IC192,IC,Indian
GE-IC193,IC,Indian
GE-IC194,IC,Indian
GE-IC195,IC,Indian
GE-IC196,IC,Indian
GE-IC197,IC,Indian
GE-IC198,IC,Indian
GE-IC199,IC,Indian
GE-IC200,IC,Indian
GE-IC201,IC,Indian
GE-IC202,IC,Indian
GE-IC203,IC,Indian
GE-IC204,IC,Indian
GE-IC205,IC,Indian
GE-IC206,IC,Indian
GE-IC207,IC,Indian
GE-IC208,IC,Indian
GE-IC209,IC,Indian
GE-IC210,IC,Indian
GE-IC211,IC,Indian
GE-ID001,ID,Indian
GE-ID002,ID,Indian
GE-ID003,ID,Indian
GE-ID004,ID,Indian
GE-ID005,ID,Indian
GE-ID006,ID,Indian
GE-ID007,ID,Indian
GE-ID008,ID,Indian
GE-ID009,ID,Indian
GE-ID010,ID,Indian
GE-ID011,ID,Indian
GE-ID012,ID,Indian
GE-ID013,ID,Indian
GE-ID014,ID,Indian
GE-ID015,ID,Indian
GE-ID016,ID,Indian
GE-ID017,ID,Indian
GE-ID018,ID,Indian
GE-ID019,ID,Indian
GE-ID020,ID,Indian
GE-ID021,ID,Indian
GE-ID022,ID,Indian
GE-ID023,ID,Indian
GE-ID024,ID,Indian
GE-ID025,ID,Indian
GE-ID026,ID,Indian
GE-ID027,ID,Indian
GE-ID028,ID,Indian
GE-ID029,ID,Indian
GE-ID030,ID,Indian
GE-ID031,ID,Indian
GE-ID032,ID,Indian
GE-ID033,ID,Indian
GE-ID034,ID,Indian
GE-ID035,ID,Indian
GE-ID036,ID,Indian
GE-ID038,ID,Indian
GE-ID039,ID,Indian
GE-ID040,ID,Indian
GE-ID041,ID,Indian
GE-ID042,ID,Indian
GE-ID043,ID,Indian
GE-ID044,ID,Indian
GE-ID045,ID,Indian
GE-ID046,ID,Indian
GE-ID047,ID,Indian
GE-ID048,ID,Indian
GE-ID049,ID,Indian
GE-ID050,ID,Indian
GE-ID051,ID,Indian
GE-ID052,ID,Indian
GE-ID053,ID,Indian
GE-ID054,ID,Indian
GE-ID055,ID,Indian
GE-ID056,ID,Indian
GE-ID057,ID,Indian
GE-ID058,ID,Indian
GE-ID059,ID,Indian
GE-ID060,ID,Indian
GE-ID061,ID,Indian
GE-ID062,ID,Indian
GE-ID063,ID,Indian
GE-ID064,ID,Indian
GE-ID065,ID,Indian
GE-ID066,ID,Indian
GE-ID067,ID,Indian
GE-ID068,ID,Indian
GE-ID069,ID,Indian
GE-IE001,IE,Indian
GE-IE002,IE,Indian
GE-IE003,IE,Indian
GE-IE004,IE,Indian
GE-IE005,IE,Indian
GE-IE006,IE,Indian
GE-IE007,IE,Indian
GE-IE008,IE,Indian
GE-IE009,IE,Indian
GE-IE010,IE,Indian
GE-IE011,IE,Indian
GE-IE012,IE,Indian
GE-IE013,IE,Indian
GE-IE014,IE,Indian
GE-IE015,IE,Indian
GE-IE016,IE,Indian
GE-IE017,IE,Indian
GE-IE018,IE,Indian
GE-IE019,IE,Indian
GE-IE020,IE,Indian
GE-IE021,IE,Indian
GE-IE022,IE,Indian
GE-IE023,IE,Indian
GE-IE024,IE,Indian
GE-IE025,IE,Indian
GE-IE026,IE,Indian
GE-IE028,IE,Indian
GE-IE029,IE,Indian
GE-IE030,IE,Indian
GE-IE031,IE,Indian
GE-IE032,IE,Indian
GE-IE033,IE,Indian
GE-IE034,IE,Indian
GE-IE035,IE,Indian
GE-IE036,IE,Indian
GE-IE037,IE,Indian
GE-IE038,IE,Indian
GE-IE039,IE,Indian
GE-IE040,IE,Indian
GE-IE041,IE,Indian
GE-IE042,IE,Indian
GE-IE043,IE,Indian
GE-IE044,IE,Indian
GE-IE045,IE,Indian
GE-IE046,IE,Indian
GE-IE047,IE,Indian
GE-IE048,IE,Indian
GE-IE049,IE,Indian
GE-IE050,IE,Indian
GE-IE051,IE,Indian
GE-IE052,IE,Indian
GE-IE053,IE,Indian
GE-IE054,IE,Indian
GE-IE055,IE,Indian
GE-IE056,IE,Indian
GE-IE057,IE,Indian
GE-IE058,IE,Indian
GE-IE059,IE,Indian
GE-IE060,IE,Indian
GE-IE061,IE,Indian
GE-IE062,IE,Indian
GE-IE063,IE,Indian
GE-IE064,IE,Indian
GE-IE065,IE,Indian
GE-IE066,IE,Indian
GE-IE067,IE,Indian
GE-IE068,IE,Indian
GE-IE069,IE,Indian
GE-IE070,IE,Indian
GE-IE071,IE,Indian
GE-IE072,IE,Indian
GE-IF001,IF,Indian
GE-IF002,IF,Indian
GE-IF003,IF,Indian
GE-IF004,IF,Indian
GE-IF005,IF,Indian
GE-IF006,IF,Indian
GE-IF007,IF,Indian
GE-IF008,IF,Indian
GE-IF009,IF,Indian
GE-IF010,IF,Indian
GE-IF011,IF,Indian
GE-IF012,IF,Indian
GE-IF013,IF,Indian
GE-IF014,IF,Indian
GE-IF015,IF,Indian
GE-IF016,IF,Indian
GE-IF017,IF,Indian
GE-IF018,IF,Indian
GE-IF019,IF,Indian
GE-IF020,IF,Indian
GE-IF021,IF,Indian
GE-IF022,IF,Indian
GE-IF023,IF,Indian
GE-IF024,IF,Indian
GE-IF025,IF,Indian
GE-IF026,IF,Indian
GE-IF027,IF,Indian
GE-IF028,IF,Indian
GE-IF029,IF,Indian
GE-IF030,IF,Indian
GE-IF031,IF,Indian
GE-IF032,IF,Indian
GE-IF033,IF,Indian
GE-IF034,IF,Indian
GE-IF035,IF,Indian
GE-IF036,IF,Indian
GE-IF037,IF,Indian
GE-IF038,IF,Indian
GE-IF039,IF,Indian
GE-IF040,IF,Indian
GE-IF041,IF,Indian
GE-SA001,SA,Indian
GE-SA002,SA,Indian
GE-SA003,SA,Indian
GE-SA004,SA,Indian
GE-SA005,SA,Indian
GE-SA006,SA,Indian
GE-SA007,SA,Indian
GE-SA008,SA,Indian
GE-SA009,SA,Indian
GE-SA010,SA,Indian
GE-SA012,SA,Indian
GE-SA013,SA,Indian
GE-SA014,SA,Indian
GE-SA015,SA,Indian
GE-SA016,SA,Indian
GE-SA017,SA,Indian
GE-SA018,SA,Indian
GE-SA019,SA,Indian
GE-SA020,SA,Indian
GE-SA021,SA,Indian
GE-SA022,SA,Indian
GE-SA023,SA,Indian
GE-SA024,SA,Indian
GE-SA025,SA,Indian
GE-SA026,SA,Indian
GE-SA027,SA,Indian
GE-SA028,SA,Indian
GE-SA029,SA,Indian
GE-SA030,SA,Indian
GE-SA031,SA,Indian
GE-SA032,SA,Indian
GE-SA033,SA,Indian
GE-SA034,SA,Indian
GE-SA035,SA,Indian
GE-SA036,SA,Indian
GE-SA037,SA,Indian
GE-SA038,SA,Indian
GE-SA039,SA,Indian
GE-SA040,SA,Indian
GE-SA041,SA,Indian
GE-SA042,SA,Indian
GE-SA043,SA,Indian
GE-SA044,SA,Indian
GE-SA045,SA,Indian
GE-SA046,SA,Indian
GE-SA047,SA,Indian
GE-SA048,SA,Indian
GE-SA049,SA,Indian
GE-SA051,SA,Indian
GE-SA052,SA,Indian
GE-SA053,SA,Indian
GE-SA054,SA,Indian
GE-SA055,SA,Indian
GE-SA056,SA,Indian
GE-SA057,SA,Indian
GE-SA058,SA,Indian
GE-SA059,SA,Indian
GE-SA060,SA,Indian
GE-SA061,SA,Indian
GE-SA062,SA,Indian
GE-SA063,SA,Indian
GE-SA064,SA,Indian
GE-SA065,SA,Indian
GE-SA066,SA,Indian
GE-SA067,SA,Indian
GE-SA068,SA,Indian
GE-SA069,SA,Indian
GE-SA070,SA,Indian
GE-SA071,SA,Indian
GE-SA072,SA,Indian
GE-SA073,SA,Indian
GE-SA074,SA,Indian
GE-SA075,SA,Indian
GE-SA076,SA,Indian
GE-SA077,SA,Indian
GE-SA078,SA,Indian
GE-SA079,SA,Indian
GE-SA080,SA,Indian
GE-SA081,SA,Indian
GE-SA082,SA,Indian
GE-SA083,SA,Indian
GE-SA084,SA,Indian
GE-SA086,SA,Indian
GE-SA087,SA,Indian
GE-SA088,SA,Indian
GE-SA089,SA,Indian
GE-SA090,SA,Indian
GE-SA091,SA,Indian
GE-SA092,SA,Indian
GE-SA093,SA,Indian
GE-SA094,SA,Indian
GE-SA095,SA,Indian
GE-SA097,SA,Indian
GE-SA098,SA,Indian
GE-SA099,SA,Indian
GE-SA101,SA,Indian
GE-SA102,SA,Indian
GE-SA103,SA,Indian
GE-SA104,SA,Indian
GE-SA105,SA,Indian
GE-SA106,SA,Indian
GE-SA107,SA,Indian
GE-SA108,SA,Indian
GE-SA109,SA,Indian
GE-SA110,SA,Indian
GE-SA111,SA,Indian
GE-SA112,SA,Indian
GE-SA113,SA,Indian
GE-SA114,SA,Indian
GE-SA115,SA,Indian
GE-SA116,SA,Indian
GE-SA117,SA,Indian
GE-SA118,SA,Indian
GE-SA126,SA,Indian
GE-SA127,SA,Indian
GE-SA128,SA,Indian
GE-SA129,SA,Indian
GE-SA130,SA,Indian
GE-SB001,SA,Indian
GE-SB002,SA,Indian
GE-SB003,SA,Indian
GE-SB004,SA,Indian
GE-SB005,SA,Indian
GE-SB006,SA,Indian
GE-SB007,SA,Indian
GE-SB008,SA,Indian
GE-SB009,SA,Indian
GE-SB010,SA,Indian
GE-SB011,SA,Indian
GE-SB012,SA,Indian
GE-SB013,SA,Indian
GE-SB014,SA,Indian
GE-SB015,SA,Indian
GE-SB016,SA,Indian
GE-SB017,SA,Indian
GE-SB018,SA,Indian
GE-SB019,SA,Indian
GE-SB020,SA,Indian
GE-SB021,SA,Indian
GE-SB022,SA,Indian
GE-SB023,SA,Indian
GE-SB024,SA,Indian
GE-SB025,SA,Indian
GE-SB026,SA,Indian
GE-SB027,SA,Indian
GE-SB028,SA,Indian
GE-SB029,SA,Indian
GE-SB030,SA,Indian
GE-SB031,SA,Indian
GE-SB032,SA,Indian
GE-SB033,SA,Indian
GE-SB034,SA,Indian
GE-SB035,SA,Indian
GE-SB036,SA,Indian
GE-SB037,SA,Indian
GE-SB038,SA,Indian
GE-SB039,SA,Indian
GE-SB040,SA,Indian
GE-SB041,SA,Indian
GE-SB042,SA,Indian
GE-SB043,SA,Indian
GE-SB044,SA,Indian
GE-SB045,SA,Indian
GE-SB046,SA,Indian
GE-SB047,SA,Indian
GE-SB048,SA,Indian
GE-SB049,SA,Indian
GE-SB050,SA,Indian
GE-SB051,SA,Indian
GE-SB052,SA,Indian
GE-SB053,SA,Indian
GE-SB054,SA,Indian
GE-SB055,SA,Indian
GE-SB056,SA,Indian
GE-SB057,SA,Indian
GE-SB058,SA,Indian
GE-SB059,SA,Indian
GE-SB060,SA,Indian
GE-SB061,SA,Indian
GE-SB062,SA,Indian
GE-SB063,SA,Indian
GE-SB064,SA,Indian
GE-SB065,SA,Indian
GE-SB066,SA,Indian
GE-SB067,SA,Indian
GE-SB068,SA,Indian
GE-SB069,SA,Indian
GE-SB070,SA,Indian
GE-SB071,SA,Indian
GE-SB072,SA,Indian
GE-SB073,SA,Indian
GE-SB074,SA,Indian
GE-SB075,SA,Indian
GE-SB076,SA,Indian
GE-SB077,SA,Indian
GE-SB078,SA,Indian
GE-SB079,SA,Indian
GE-SB080,SA,Indian
GE-SB081,SA,Indian
GE-SB082,SA,Indian
GE-SB083,SA,Indian
GE-SB084,SA,Indian
GE-SB085,SA,Indian
GE-SB086,SA,Indian
GE-SB087,SA,Indian
GE-SB088,SA,Indian
GE-SB089,SA,Indian
GE-SB090,SA,Indian
GE-SW704,SW,Indian
GE-SW707,SW,Indian
GE-SW708,SW,Indian
GE-SW737,SW,Indian
GE-SW742,SW,Indian
GE-SW744,SW,Indian
GE-SW745,SW,Indian
GE-SW749,SW,Indian
GE-SW751,SW,Indian
GE-SW752,SW,Indian
GE-SW754,SW,Indian
GE-SW755,SW,Indian
GE-SW756,SW,Indian
GE-SW757,SW,Indian
GE-SW760,SW,Indian
GE-SW765,SW,Indian
GE-SW769,SW,Indian
GE-SW778,SW,Indian
GE-SW786,SW,Indian
GE-SW787,SW,Indian
GE-TB002,TB,Indian
GE-TB003,TB,Indian
GE-TB004,TB,Indian
GE-TB005,TB,Indian
GE-TB006,TB,Indian
GE-TB007,TB,Indian
GE-TB008,TB,Indian
GE-TB009,TB,Indian
GE-TB010,TB,Indian
GE-TB011,TB,Indian
GE-TB012,TB,Indian
GE-TB013,TB,Indian
GE-TB014,TB,Indian
GE-TB015,TB,Indian
GE-TB016,TB,Indian
GE-TB029,TB,Indian
GE-TB030,TB,Indian
GE-TB031,TB,Indian
GE-TB032,TB,Indian
GE-TB033,TB,Indian
GE-TB034,TB,Indian
GE-TB035,TB,Indian
GE-TB037,TB,Indian
GE-TB038,TB,Indian
GE-TB039,TB,Indian
GE-TB040,TB,Indian
GE-TB041,TB,Indian
GE-TB042,TB,Indian
GE-TB043,TB,Indian
GE-TB044,TB,Indian
GE-TB045,TB,Indian
GE-TB046,TB,Indian
GE-TB047,TB,Indian
GE-TB048,TB,Indian
GE-TB049,TB,Indian
GE-TB050,TB,Indian
GE-TB051,TB,Indian
GE-TD002,TD,Indian
GE-TD005,TD,Indian
GE-TD006,TD,Indian
GE-TD008,TD,Indian
GE-TD009,TD,Indian
GE-TD010,TD,Indian
GE-TD012,TD,Indian
GE-TD013,TD,Indian
GE-TD014,TD,Indian
GE-TD015,TD,Indian
GE-TD016,TD,Indian
GE-TD017,TD,Indian
GE-TD018,TD,Indian
GE-TD019,TD,Indian
GE-TD020,TD,Indian
GE-TD021,TD,Indian
GE-TD022,TD,Indian
GE-TD026,TD,Indian
GE-TD027,TD,Indian
GE-TD028,TD,Indian
GE-TD029,TD,Indian
GE-TD030,TD,Indian
GE-TD031,TD,Indian
GE-TD034,TD,Indian
GE-TD035,TD,Indian
GE-TD038,TD,Indian
GE-TD042,TD,Indian
GE-TD043,TD,Indian
GE-TD044,TD,Indian
GE-TD045,TD,Indian
GE-TD046,TD,Indian
GE-TD047,TD,Indian
GE-TD050,TD,Indian
GE-TD051,TD,Indian
GE-TD052,TD,Indian
GE-TD053,TD,Indian
GE-TD054,TD,Indian
GE-TD055,TD,Indian
GE-TD057,TD,Indian
GE-TD058,TD,Indian
GE-TD061,TD,Indian
GE-TD062,TD,Indian
GE-TD063,TD,Indian
GE-TD066,TD,Indian
GE-TD067,TD,Indian
GE-TD068,TD,Indian
GE-TD069,TD,Indian
GE-TD070,TD,Indian
GE-TD071,TD,Indian
GE-TD072,TD,Indian
GE-TD073,TD,Indian
GE-TD074,TD,Indian
GE-TD075,TD,Indian
GE-TD076,TD,Indian
GE-TD077,TD,Indian
GE-TD078,TD,Indian
GE-TD079,TD,Indian
GE-TD080,TD,Indian
GE-TD081,TD,Indian
GE-TD082,TD,Indian
GE-TD083,TD,Indian
GE-TD084,TD,Indian
GE-TD085,TD,Indian
GE-TD086,TD,Indian
GE-TD087,TD,Indian
GE-TD088,TD,Indian
GE-TD090,TD,Indian
GE-TD091,TD,Indian
GE-TD093,TD,Indian
GE-TD094,TD,Indian
GE-TD095,TD,Indian
GE-TD097,TD,Indian
GE-TE001,SA,Indian
GE-TE002,SA,Indian
GE-TE003,SA,Indian
GE-TE004,SA,Indian
GE-TE005,SA,Indian
GE-TE006,SA,Indian
GE-TE007,SA,Indian
GE-TE008,SA,Indian
GE-TE009,SA,Indian
GE-TE010,SA,Indian
GE-TE011,SA,Indian
GE-TE012,SA,Indian
GE-TE013,SA,Indian
GE-TE014,SA,Indian
GE-TE015,SA,Indian
GE-TE016,SA,Indian
GE-TE017,SA,Indian
GE-TE018,SA,Indian
GE-TE019,SA,Indian
GE-TE020,SA,Indian
GE-TE021,SA,Indian
GE-TE022,SA,Indian
GE-TE023,SA,Indian
GE-TE024,SA,Indian
GE-TE025,SA,Indian
GE-TE027,SA,Indian
GE-TE028,SA,Indian
GE-TE029,SA,Indian
GE-TE030,SA,Indian
GE-TE031,SA,Indian
GE-TE032,SA,Indian
GE-TE033,SA,Indian
GE-TE034,SA,Indian
GE-TE035,SA,Indian
GE-TE036,SA,Indian
GE-TE037,SA,Indian
GE-TE038,SA,Indian
GE-TE039,SA,Indian
GE-TE040,SA,Indian
GE-TE041,SA,Indian
GE-TE042,SA,Indian
GE-TE043,SA,Indian
GE-TE044,SA,Indian
GE-TE045,SA,Indian
GE-TE046,SA,Indian
GE-TE047,SA,Indian
GE-TE048,SA,Indian
GE-TE049,SA,Indian
GE-TE050,SA,Indian
GE-TE051,SA,Indian
GE-TE052,SA,Indian
GE-TE053,SA,Indian
GE-TE055,SA,Indian
GE-TE056,SA,Indian
GE-TE057,SA,Indian
GE-TE058,SA,Indian
GE-TE060,SA,Indian
GE-TE061,SA,Indian
GE-TE062,SA,Indian
GE-TE064,SA,Indian
GE-TE065,SA,Indian
GE-TE066,SA,Indian
GE-TE075,SA,Indian
GE-TF002,TF,Indian
GE-TF003,TF,Indian
GE-TF004,TF,Indian
GE-TF007,TF,Indian
GE-TF008,TF,Indian
GE-TF009,TF,Indian
GE-TF010,TF,Indian
GE-TF011,TF,Indian
GE-TF012,TF,Indian
GE-TF014,TF,Indian
GE-TF015,TF,Indian
GE-TF016,TF,Indian
GE-TF017,TF,Indian
GE-TF018,TF,Indian
GE-TF019,TF,Indian
GE-TF020,TF,Indian
GE-TF021,TF,Indian
GE-TF022,TF,Indian
GE-TF024,TF,Indian
GE-TF025,TF,Indian
GE-TF026,TF,Indian
GE-TF027,TF,Indian
GE-TF028,TF,Indian
GE-TF029,TF,Indian
GE-TF030,TF,Indian
GE-TF031,TF,Indian
GE-TF032,TF,Indian
GE-TF033,TF,Indian
GE-TF034,TF,Indian
GE-TF035,TF,Indian
GE-TF036,TF,Indian
GE-TF038,TF,Indian
GE-TF039,TF,Indian
GE-TF040,TF,Indian
GE-TF041,TF,Indian
GE-TF042,TF,Indian
GE-TF043,TF,Indian
GE-TF044,TF,Indian
GE-TF046,TF,Indian
GE-TF047,TF,Indian
GE-TF048,TF,Indian
GE-TF049,TF,Indian
GE-TF050,TF,Indian
GE-TF051,TF,Indian
GE-TF052,TF,Indian
GE-TF053,TF,Indian
GE-TF055,TF,Indian
GE-TF056,TF,Indian
GE-TF058,TF,Indian
GE-TF059,TF,Indian
GE-TF060,TF,Indian
GE-TF061,TF,Indian
GE-TF062,TF,Indian
GE-TF063,TF,Indian
GE-TF064,TF,Indian
GE-TF065,TF,Indian
GE-TF066,TF,Indian
GE-TF067,TF,Indian
GE-TF068,TF,Indian
GE-TF069,TF,Indian
GE-TF070,TF,Indian
GE-TF071,TF,Indian
GE-TF072,TF,Indian
GE-TF073,TF,Indian
GE-TF074,TF,Indian
GE-TF075,TF,Indian
GE-TF076,TF,Indian
GE-TF077,TF,Indian
GE-TF078,TF,Indian
GE-TF079,TF,Indian
GE-TF080,TF,Indian
GE-TF081,TF,Indian
GE-TF082,TF,Indian
GE-TF083,TF,Indian
GE-TF084,TF,Indian
GE-TF085,TF,Indian
GE-TF086,TF,Indian
GE-TF087,TF,Indian
GE-TF088,TF,Indian
GE-TF089,TF,Indian
GE-TF090,TF,Indian
GE-TF091,TF,Indian
GE-TF092,TF,Indian
GE-TF093,TF,Indian
GE-TF094,TF,Indian
GE-TF095,TF,Indian
GE-TF096,TF,Indian
GE-TF097,TF,Indian
GE-TF098,TF,Indian
GE-TF099,TF,Indian
GE-TF100,TF,Indian
GE-TF101,TF,Indian
GE-TF102,TF,Indian
GE-TF103,TF,Indian
GE-TF104,TF,Indian
GE-TF105,TF,Indian
GE-TF106,TF,Indian
GE-TF107,TF,Indian
GE-XA002,XA,Indian
GE-XA003,XA,Indian
GE-XA004,XA,Indian
GE-XA005,XA,Indian
GE-XA006,XA,Indian
GE-XA007,XA,Indian
GE-XA008,XA,Indian
GE-XA009,XA,Indian
GE-XA010,XA,Indian
GE-XA011,XA,Indian
GE-XA012,XA,Indian
GE-XA014,XA,Indian
GE-XA015,XA,Indian
GE-XA016,XA,Indian
GE-XA017,XA,Indian
GE-XA018,XA,Indian
GE-XA019,XA,Indian
GE-XA020,XA,Indian
GE-XA021,XA,Indian
GE-XA022,XA,Indian
GE-XA024,XA,Indian
GE-XA026,XA,Indian
GE-XA027,XA,Indian
GE-XA028,XA,Indian
GE-XA029,XA,Indian
GE-XA030,XA,Indian
GE-XA031,XA,Indian
GE-XA033,XA,Indian
GE-XA034,XA,Indian
GE-XA035,XA,Indian
GE-XA036,XA,Indian
GE-XA037,XA,Indian
GE-XA038,XA,Indian
GE-XA039,XA,Indian
GE-XA040,XA,Indian
GE-XA041,XA,Indian
GE-XA042,XA,Indian
GE-XA043,XA,Indian
GE-XA044,XA,Indian
GE-XA045,XA,Indian
GE-XA046,XA,Indian
GE-XA047,XA,Indian
GE-XA048,XA,Indian
GE-XA049,XA,Indian
GE-XA050,XA,Indian
GE-XA051,XA,Indian
GE-XA052,XA,Indian
GE-XA053,XA,Indian
GE-XA054,XA,Indian
GE-XA055,XA,Indian
GE-XA056,XA,Indian
GE-XA057,XA,Indian
GE-XA058,XA,Indian
GE-XA059,XA,Indian
GE-XA060,XA,Indian
GE-XA061,XA,Indian
GE-XA062,XA,Indian
GE-XA063,XA,Indian
GE-XA064,XA,Indian
GE-XA066,XA,Indian
GE-XA067,XA,Indian
GE-XA068,XA,Indian
GE-XA069,XA,Indian
GE-XA070,XA,Indian
GE-XA071,XA,Indian
GE-XA072,XA,Indian
GE-XA073,XA,Indian
GE-XA074,XA,Indian
GE-XA075,XA,Indian
GE-XA076,XA,Indian
GE-XA077,XA,Indian
GE-XA078,XA,Indian
GE-XA080,XA,Indian
GE-XA081,XA,Indian
GE-XA082,XA,Indian
GE-XA083,XA,Indian
GE-XA084,XA,Indian
GE-XA085,XA,Indian
GE-XA086,XA,Indian
GE-XA087,XA,Indian
GE-XA088,XA,Indian
GE-XA089,XA,Indian
GE-XA090,XA,Indian
GE-XA091,XA,Indian
GE-XA092,XA,Indian
GE-XA093,XA,Indian
GE-XA094,XA,Indian
GE-XA095,XA,Indian
GE-XA096,XA,Indian
GE-XA097,XA,Indian
GE-XA098,XA,Indian
GE-XA099,XA,Indian
GE-XA100,XA,Indian
GE-XA101,XA,Indian
GE-XA102,XA,Indian
GE-XA103,XA,Indian
GE-XA104,XA,Indian
GE-XA105,XA,Indian
GE-XA106,XA,Indian
GE-XA107,XA,Indian
GE-XA108,XA,Indian
GE-XA109,XA,Indian
GE-XA110,XA,Indian
GE-XA111,XA,Indian
GE-XA112,XA,Indian
GE-XA113,XA,Indian
GE-XA114,XA,Indian
GE-XA115,XA,Indian
GE-XA116,XA,Indian
GE-XA117,XA,Indian
GE-XA118,XA,Indian
GE-XA119,XA,Indian
GE-XA120,XA,Indian
GE-XA121,XA,Indian
GE-XA122,XA,Indian
GE-XA123,XA,Indian
GE-XA124,XA,Indian
GE-XA125,XA,Indian
GE-XA126,XA,Indian
GE-XA127,XA,Indian
GE-XA128,XA,Indian
GE-XA129,XA,Indian
GE-XA130,XA,Indian
GE-XA131,XA,Indian
GE-XA132,XA,Indian
GE-XA134,XA,Indian
GE-XA135,XA,Indian
GE-XA136,XA,Indian
GE-XA137,XA,Indian
GE-XA138,XA,Indian
GE-XA139,XA,Indian
GE-XA140,XA,Indian
GE-XA141,XA,Indian
GE-XA142,XA,Indian
GE-XA143,XA,Indian
GE-XA144,XA,Indian
GE-XA145,XA,Indian
GE-XA146,XA,Indian
GE-XA147,XA,Indian
GE-XA148,XA,Indian
GE-XA149,XA,Indian
GE-XA150,XA,Indian
GE-XA151,XA,Indian
GE-XA152,XA,Indian
GE-XA153,XA,Indian
GE-XA154,XA,Indian
GE-XA155,XA,Indian
GE-XA156,XA,Indian
GE-XA157,XA,Indian
GE-XA158,XA,Indian
GE-XA159,XA,Indian
GE-XA160,XA,Indian
GE-XA161,XA,Indian
GE-XA162,XA,Indian
GE-XA163,XA,Indian
GE-XA164,XA,Indian
GE-XA165,XA,Indian
GE-XA166,XA,Indian
GE-XA167,XA,Indian
GE-XA168,XA,Indian
GE-XA169,XA,Indian
GE-XA170,XA,Indian
GE-XA171,XA,Indian
GE-XA172,XA,Indian
GE-XA173,XA,Indian
GE-XA174,XA,Indian
GE-XA175,XA,Indian
GE-XA176,XA,Indian
GE-XA177,XA,Indian
GE-XA178,XA,Indian
GE-XA179,XA,Indian
GE-XA180,XA,Indian
GE-XA181,XA,Indian
GE-XA182,XA,Indian
GE-XA183,XA,Indian
GE-XA184,XA,Indian
GE-XA185,XA,Indian
GE-XA186,XA,Indian
GE-XA187,XA,Indian
GE-XA188,XA,Indian
GE-XA189,XA,Indian
GE-XA190,XA,Indian
GE-XA191,XA,Indian
GE-XA192,XA,Indian
GE-XA193,XA,Indian
GE-XA194,XA,Indian
GE-XA195,XA,Indian
GE-XA196,XA,Indian
GE-XA197,XA,Indian
GE-XA198,XA,Indian
GE-XA199,XA,Indian
GE-XA201,XA,Indian
GE-XA202,XA,Indian
GE-XA203,XA,Indian
GE-XA204,XA,Indian
GE-XA205,XA,Indian
GE-XA206,XA,Indian
GE-XA207,XA,Indian
GE-XA208,XA,Indian
GE-XA209,XA,Indian
GE-XA210,XA,Indian
GE-XA211,XA,Indian
GE-XA212,XA,Indian
GE-XA213,XA,Indian
GE-XA214,XA,Indian
GE-XA215,XA,Indian
GE-XA216,XA,Indian
GE-XA217,XA,Indian
GE-XA218,XA,Indian
GE-XA219,XA,Indian
GE-XA220,XA,Indian
GE-XA221,XA,Indian
GE-XA222,XA,Indian
GE-XA223,XA,Indian
GE-XA224,XA,Indian
GE-XA225,XA,Indian
GE-XA226,XA,Indian
GE-XA227,XA,Indian
GE-XA228,XA,Indian
GE-XA229,XA,Indian
GE-XA230,XA,Indian
GE-XA231,XA,Indian
GE-XA232,XA,Indian
GE-XA233,XA,Indian
GE-XA234,XA,Indian
GE-XA235,XA,Indian
GE-XA236,XA,Indian
GE-XA237,XA,Indian
GE-XA238,XA,Indian
GE-XA239,XA,Indian
GE-XA240,XA,Indian
GE-XA241,XA,Indian
GE-XA242,XA,Indian
GE-XA243,XA,Indian
GE-XA244,XA,Indian
GE-XA245,XA,Indian
GE-XA246,XA,Indian
GE-XA247,XA,Indian
GE-XA248,XA,Indian
GE-XA249,XA,Indian
GE-XA250,XA,Indian
GE-XA251,XA,Indian
GE-XA252,XA,Indian
GE-XA253,XA,Indian
GE-XA254,XA,Indian
GE-XA255,XA,Indian
GE-XA256,XA,Indian
GE-XA257,XA,Indian
GE-XA258,XA,Indian
GE-XA259,XA,Indian
GE-XA260,XA,Indian
GE-XA261,XA,Indian
GE-XA262,XA,Indian
GE-XA263,XA,Indian
GE-XA264,XA,Indian
GE-XA265,XA,Indian
GE-XA266,XA,Indian
GE-XA267,XA,Indian
GE-XA268,XA,Indian
GE-XA269,XA,Indian
GE-XA270,XA,Indian
GE-XA271,XA,Indian
GE-XA272,XA,Indian
GE-XA273,XA,Indian
GE-XA274,XA,Indian
GE-XA276,XA,Indian
GE-XA277,XA,Indian
GE-XA278,XA,Indian
GE-XA279,XA,Indian
GE-XA280,XA,Indian
GE-XA281,XA,Indian
GE-XA282,XA,Indian
GE-XA283,XA,Indian
GE-XA284,XA,Indian
GE-XA285,XA,Indian
GE-XA286,XA,Indian
GE-XA287,XA,Indian
GE-XA288,XA,Indian
GE-XA289,XA,Indian
GE-XA290,XA,Indian
GE-XA291,XA,Indian
GE-XA292,XA,Indian
GE-XA293,XA,Indian
GE-XA294,XA,Indian
GE-XA295,XA,Indian
GE-XA296,XA,Indian
GE-XA297,XA,Indian
GE-XB001,XB,Indian
GE-XB002,XB,Indian
GE-XB003,XB,Indian
GE-XB004,XB,Indian
GE-XB005,XB,Indian
GE-XB006,XB,Indian
GE-XB007,XB,Indian
GE-XB008,XB,Indian
GE-XB009,XB,Indian
GE-XB010,XB,Indian
GE-XB011,XB,Indian
GE-XB012,XB,Indian
GE-XB013,XB,Indian
GE-XB014,XB,Indian
GE-XB015,XB,Indian
GE-XB016,XB,Indian
GE-XB017,XB,Indian
GE-XB018,XB,Indian
GE-XB019,XB,Indian
GE-XB020,XB,Indian
GE-XB021,XB,Indian
GE-XB022,XB,Indian
GE-XB023,XB,Indian
GE-XB024,XB,Indian
GE-XB025,XB,Indian
GE-XB026,XB,Indian
GE-XB027,XB,Indian
GE-XB028,XB,Indian
GE-XB029,XB,Indian
GE-XB030,XB,Indian
GE-XB031,XB,Indian
GE-XB032,XB,Indian
GE-XB033,XB,Indian
GE-XB034,XB,Indian
GE-XB035,XB,Indian
GE-XB036,XB,Indian
GE-XB037,XB,Indian
GE-XB038,XB,Indian
GE-XB039,XB,Indian
GE-XB040,XB,Indian
GE-XB041,XB,Indian
GE-XB042,XB,Indian
GE-XB043,XB,Indian
GE-XB044,XB,Indian
GE-XB045,XB,Indian
GE-XB046,XB,Indian
GE-XB047,XB,Indian
GE-XB048,XB,Indian
GE-XB049,XB,Indian
GE-XB050,XB,Indian
GE-XB051,XB,Indian
GE-XB052,XB,Indian
GE-XB053,XB,Indian
GE-XB054,XB,Indian
GE-XB055,XB,Indian
GE-XB056,XB,Indian
GE-XB057,XB,Indian
GE-XB058,XB,Indian
GE-XB059,XB,Indian
GE-XB060,XB,Indian
GE-XB061,XB,Indian
GE-XB062,XB,Indian
GE-XB063,XB,Indian
GE-XB064,XB,Indian
GE-XB065,XB,Indian
GE-XB066,XB,Indian
GE-XB067,XB,Indian
GE-XB068,XB,Indian
GE-XB069,XB,Indian
GE-XB070,XB,Indian
GE-XB071,XB,Indian
GE-XB072,XB,Indian
GE-XB073,XB,Indian
GE-XB074,XB,Indian
GE-XB075,XB,Indian
GE-XB076,XB,Indian
GE-XB077,XB,Indian
GE-XB078,XB,Indian
GE-XB079,XB,Indian
GE-XB080,XB,Indian
GE-XB081,XB,Indian
GE-XB082,XB,Indian
GE-XB084,XB,Indian
GE-XB085,XB,Indian
GE-XB086,XB,Indian
GE-XB087,XB,Indian
GE-XB088,XB,Indian
GE-XB089,XB,Indian
GE-XB090,XB,Indian
GE-XB091,XB,Indian
GE-XB092,XB,Indian
GE-XB093,XB,Indian
GE-XB094,XB,Indian
GE-XB095,XB,Indian
GE-XB096,XB,Indian
GE-XB097,XB,Indian
GE-XB098,XB,Indian
GE-XC001,XC,Indian
GE-XC002,XC,Indian
GE-XC003,XC,Indian
GE-XC004,XC,Indian
GE-XC005,XC,Indian
GE-XC006,XC,Indian
GE-XC007,XC,Indian
GE-XC008,XC,Indian
GE-XC009,XC,Indian
GE-XC010,XC,Indian
GE-XC011,XC,Indian
GE-XC012,XC,Indian
GE-XC013,XC,Indian
GE-XC014,XC,Indian
GE-XC015,XC,Indian
GE-XC016,XC,Indian
GE-XC017,XC,Indian
GE-XC018,XC,Indian
GE-XC019,XC,Indian
GE-XC020,XC,Indian
GE-XC021,XC,Indian
GE-XC022,XC,Indian
GE-XC023,XC,Indian
GE-XC024,XC,Indian
GE-XC025,XC,Indian
GE-XC026,XC,Indian
GE-XC027,XC,Indian
GE-XC028,XC,Indian
GE-XC029,XC,Indian
GE-XC030,XC,Indian
GE-XC031,XC,Indian
GE-XC032,XC,Indian
GE-XC033,XC,Indian
GE-XC034,XC,Indian
GE-XC035,XC,Indian
GE-XC036,XC,Indian
GE-XC037,XC,Indian
GE-XC038,XC,Indian
GE-XC039,XC,Indian
GE-XC040,XC,Indian
GE-XC041,XC,Indian
GE-XC042,XC,Indian
GE-XC043,XC,Indian
GE-XC044,XC,Indian
GE-XC045,XC,Indian
GE-XC046,XC,Indian
GE-XC047,XC,Indian
GE-XC048,XC,Indian
GE-XC049,XC,Indian
GE-XC050,XC,Indian
GE-XC051,XC,Indian
GE-XC052,XC,Indian
GE-XC053,XC,Indian
GE-XC054,XC,Indian
GE-XC055,XC,Indian
GE-XC056,XC,Indian
GE-XC057,XC,Indian
GE-XC058,XC,Indian
GE-XC059,XC,Indian
GE-XC060,XC,Indian
GE-XC061,XC,Indian
GE-XC062,XC,Indian
GE-XC063,XC,Indian
GE-XC064,XC,Indian
GE-XC065,XC,Indian
GE-XC066,XC,Indian
GE-XC067,XC,Indian
GE-XC068,XC,Indian
GE-XC069,XC,Indian
GE-XC070,XC,Indian
GE-XC071,XC,Indian
GE-XC072,XC,Indian
GE-XC073,XC,Indian
GE-XC074,XC,Indian
GE-XC075,XC,Indian
GE-XC076,XC,Indian
GE-XC077,XC,Indian
GE-XC078,XC,Indian
GE-XC079,XC,Indian
GE-XC080,XC,Indian
GE-XC081,XC,Indian
GE-XC082,XC,Indian
GE-XC083,XC,Indian
GE-XC084,XC,Indian
GE-XC085,XC,Indian
GE-XC086,XC,Indian
GE-XC087,XC,Indian
GE-XC088,XC,Indian
GE-XC089,XC,Indian
GE-XC090,XC,Indian
GE-XC091,XC,Indian
GE-XC092,XC,Indian
GE-XC094,XC,Indian
GE-XC095,XC,Indian
GE-XC096,XC,Indian
GE-XC097,XC,Indian
GE-XC098,XC,Indian
GE-XC099,XC,Indian
GE-XC100,XC,Indian
GE-XC101,XC,Indian
GE-XC102,XC,Indian
GE-XC103,XC,Indian
GE-XC104,XC,Indian
GE-XC105,XC,Indian
GE-XC106,XC,Indian
GE-XC107,XC,Indian
GE-XC108,XC,Indian
GE-XC109,XC,Indian
GE-XC110,XC,Indian
GE-XC111,XC,Indian
GE-XC112,XC,Indian
GE-XC113,XC,Indian
GE-XC114,XC,Indian
GE-XC115,XC,Indian
